Workbook

Sheet Sheet1
A3: Products | B3: Sum of Sales | C3: Count of Sales | D3: Max. of Sales
A4: Binder Basic | B4: 29937.22 | C4: 1 | D4: 29937.22
A5: North | B5: 29937.22 | C5: 1 | D5: 29937.22
A6: Jun | B6: 29937.22 | C6: 1 | D6: 29937.22
A7: Binder Plus | B7: 28976.7 | C7: 2 | D7: 20583.47
A8: East | B8: 8393.23 | C8: 1 | D8: 8393.23
A9: Oct | B9: 8393.23 | C9: 1 | D9: 8393.23
A10: West | B10: 20583.47 | C10: 1 | D10: 20583.47
A11: Aug | B11: 20583.47 | C11: 1 | D11: 20583.47
A12: Bookcase Basic | B12: 11809.97 | C12: 2 | D12: 9480.3
A13: West | B13: 11809.97 | C13: 2 | D13: 9480.3
A14: Jan | B14: 2329.67 | C14: 1 | D14: 2329.67
A15: Feb | B15: 9480.3 | C15: 1 | D15: 9480.3
... A197: Grand Total | B197: 1001480.4 | C197: 75 | D197: 39955.56

Sheet Superstore Sales
A1: Order ID | B1: Order Date | C1: Ship Date | D1: Ship Mode | E1: Customer ID | F1: Customer Name | G1: Segment | H1: State | I1: Region | J1: Category | K1: Sub-Category | L1: Product Name | M1: Sales | N1: Status | O1: Quantity | P1: Discount | Q1: Profit | R1: Total Sales | S1: Average Sales
A2: ORD-20230001 | B2: 45254 | C2: 45255 | D2: Standard Class | E2: CUST-018 | F2: Divya Agarwal | G2: Home Office | H2: UP | I2: North | J2: Furniture | K2: Bookcase | L2: Bookcase Lite | M2: 3479.13 | N2: =IF(M2>4000,"High Sales","Low Sales") -> Low Sales | O2: 4 | P2: 0 | Q2: 880.25 | R2: =SUM(M2:M76) -> 1001480.4 | S2: =AVERAGE(M2:M76) -> 13353.073
A3: ORD-20230002 | B3: 44942 | C3: 44943 | D3: Same Day | E3: CUST-018 | F3: Divya Agarwal | G3: Consumer | H3: WB | I3: East | J3: Furniture | K3: Desk | L3: Desk Elite | M3: 3273.73 | N3: =IF(M3>4000,"High Sales","Low Sales") -> Low Sales | O3: 10 | P3: 0 | Q3: 866.9
A4: ORD-20230003 | B4: 44930 | C4: 44937 | D4: Same Day | E4: CUST-003 | F4: Ravi Kumar | G4: Consumer | H4: Rajasthan | I4: East | J4: Furniture | K4: Table | L4: Table Plus | M4: 3785.21 | N4: =IF(M4>4000,"High Sales","Low Sales") -> Low Sales | O4: 5 | P4: 0.2 | Q4: 571.48
A5: ORD-20230004 | B5: 45236 | C5: 45239 | D5: First Class | E5: CUST-010 | F5: Kavita Reddy | G5: Home Office | H5: Tamil Nadu | I5: North | J5: Furniture | K5: Table | L5: Table Elite | M5: 9254.82 | N5: =IF(M5>4000,"High Sales","Low Sales") -> High Sales | O5: 2 | P5: 0.05 | Q5: 681.53
A6: ORD-20230005 | B6: 44950 | C6: 44956 | D6: Second Class | E6: CUST-012 | F6: Meena Iyer | G6: Corporate | H6: Rajasthan | I6: South | J6: Furniture | K6: Bookcase | L6: Bookcase Pro | M6: 16564.66 | N6: =IF(M6>4000,"High Sales","Low Sales") -> High Sales | O6: 4 | P6: 0.05 | Q6: 2209.59
A7: ORD-20230006 | B7: 45270 | C7: 45273 | D7: First Class | E7: CUST-013 | F7: Arun Das | G7: Home Office | H7: Tamil Nadu | I7: East | J7: Office Supplies | K7: Pen | L7: Pen Elite | M7: 8291.61 | N7: =IF(M7>4000,"High Sales","Low Sales") -> High Sales | O7: 3 | P7: 0 | Q7: 821.04
A8: ORD-20230007 | B8: 44955 | C8: 44957 | D8: Second Class | E8: CUST-011 | F8: Suresh Rao | G8: Home Office | H8: WB | I8: West | J8: Furniture | K8: Bookcase | L8: Bookcase Basic | M8: 2329.67 | N8: =IF(M8>4000,"High Sales","Low Sales") -> Low Sales | O8: 5 | P8: 0.1 | Q8: 728.98
A9: ORD-20230008 | B9: 45256 | C9: 45260 | D9: Same Day | E9: CUST-019 | F9: Nitin Pandey | G9: Home Office | H9: UP | I9: East | J9: Furniture | K9: Bookcase | L9: Bookcase Lite | M9: 13593.41 | N9: =IF(M9>4000,"High Sales","Low Sales") -> High Sales | O9: 4 | P9: 0.1 | Q9: 1751.14
A10: ORD-20230009 | B10: 45039 | C10: 45041 | D10: Standard Class | E10: CUST-014 | F10: Pooja Shah | G10: Corporate | H10: UP | I10: West | J10: Office Supplies | K10: Paper | L10: Paper Pro | M10: 4333.29 | N10: =IF(M10>4000,"High Sales","Low Sales") -> High Sales | O10: 1 | P10: 0 | Q10: 1032.34
A11: ORD-20230010 | B11: 45197 | C11: 45200 | D11: First Class | E11: CUST-004 | F11: Sunita Singh | G11: Corporate | H11: Karnataka | I11: West | J11: Office Supplies | K11: Pen | L11: Pen Pro | M11: 27390.34 | N11: =IF(M11>4000,"High Sales","Low Sales") -> High Sales | O11: 9 | P11: 0.2 | Q11: 6636.37
A12: ORD-20230011 | B12: 44928 | C12: 44934 | D12: Second Class | E12: CUST-010 | F12: Kavita Reddy | G12: Consumer | H12: Rajasthan | I12: South | J12: Office Supplies | K12: Stapler | L12: Stapler Elite | M12: 7910.62 | N12: =IF(M12>4000,"High Sales","Low Sales") -> High Sales | O12: 3 | P12: 0 | Q12: 2461.43
A13: ORD-20230012 | B13: 45203 | C13: 45210 | D13: Second Class | E13: CUST-010 | F13: Kavita Reddy | G13: Consumer | H13: Tamil Nadu | I13: North | J13: Office Supplies | K13: Pen | L13: Pen Elite | M13: 15271.84 | N13: =IF(M13>4000,"High Sales","Low Sales") -> High Sales | O13: 6 | P13: 0 | Q13: 5020.31
A14: ORD-20230013 | B14: 44970 | C14: 44976 | D14: First Class | E14: CUST-006 | F14: Anjali Gupta | G14: Home Office | H14: UP | I14: South | J14: Technology | K14: Laptop | L14: Laptop Elite | M14: 2326.4 | N14: =IF(M14>4000,"High Sales","Low Sales") -> Low Sales | O14: 3 | P14: 0.05 | Q14: 777.14
... A76: ORD-20230075 | B76: 45272 | C76: 45279 | D76: First Class | E76: CUST-008 | F76: Neha Mehta | G76: Consumer | H76: Delhi | I76: West | J76: Office Supplies | K76: Paper | L76: Paper Plus | M76: 35099.51 | N76: =IF(M76>4000,"High Sales","Low Sales") -> High Sales | O76: 8 | P76: 0 | Q76: 8256.73

Sheet Summary
A1: Superstore Sales Summary
A3: Metric | B3: Value
A4: Total Orders | B4: =COUNTA('Superstore Sales'!A2:A76) -> 75
A5: Total Sales | B5: =SUM('Superstore Sales'!M2:M76) -> 1001480.4
A6: Total Profit | B6: =SUM('Superstore Sales'!Q2:Q76) -> 205847.63
A7: Avg Discount | B7: =AVERAGE('Superstore Sales'!P2:P76) -> 0.072666667
A8: Avg Order Value | B8: =AVERAGE('Superstore Sales'!M2:M76) -> 13353.073
